{
  "resourceType" : "ValueSet",
  "id" : "FXREQCategories",
  "text" : {
    "status" : "generated",
    "div" : "<div xmlns=\"http://www.w3.org/1999/xhtml\"><p class=\"res-header-id\"><b>Generated Narrative: ValueSet FXREQCategories</b></p><a name=\"FXREQCategories\"> </a><a name=\"hcFXREQCategories\"> </a><ul><li>Include all codes defined in <a href=\"CodeSystem-FXREQCategories.html\"><code>http://smart.who.int/dak-bds/CodeSystem/FXREQCategories</code></a></li></ul></div>"
  },
  "url" : "http://smart.who.int/dak-bds/ValueSet/FXREQCategories",
  "version" : "1.0.1",
  "name" : "FXREQCategories",
  "title" : "Functional Requirement Categories",
  "status" : "active",
  "experimental" : true,
  "date" : "2025-07-01T09:12:20+00:00",
  "publisher" : "WHO",
  "contact" : [{
    "name" : "WHO",
    "telecom" : [{
      "system" : "url",
      "value" : "http://who.int"
    }]
  }],
  "description" : "Value Set for Functional Requirement Categories. Autogenerated from DAK artifacts",
  "compose" : {
    "include" : [{
      "system" : "http://smart.who.int/dak-bds/CodeSystem/FXREQCategories"
    }]
  }
}